{"cameraMode":{"drawMode":0,"name":"Shaded","section":"Shading Mode"},"sceneLighting":false,"audioPlay":false,"sceneViewState":{"m_AlwaysRefresh":false,"showFog":true,"showSkybox":false,"showFlares":true,"showImageEffects":true,"showParticleSystems":true,"showVisualEffectGraphs":true,"m_FxEnabled":false},"in2DMode":false,"pivot":{"x":-0.009745955467224121,"y":0.006980687379837036,"z":-0.004263520240783691},"rotation":{"x":-0.18095527589321137,"y":0.7931609749794006,"z":-0.2823731005191803,"w":-0.5083950757980347},"size":1.7193036079406739,"orthographic":false}