{"cameraMode":{"drawMode":0,"name":"Shaded","section":"Shading Mode"},"sceneLighting":true,"audioPlay":false,"sceneViewState":{"m_AlwaysRefresh":false,"showFog":true,"showSkybox":true,"showFlares":true,"showImageEffects":true,"showParticleSystems":true,"showVisualEffectGraphs":true,"m_FxEnabled":false},"in2DMode":false,"pivot":{"x":0.32981792092323305,"y":0.8762779235839844,"z":0.9699592590332031},"rotation":{"x":-0.0024200468324124815,"y":0.7786411643028259,"z":-0.6274847984313965,"w":-0.0030378461815416815},"size":5.805881500244141,"orthographic":false}