{"cameraMode":{"drawMode":0,"name":"Shaded","section":"Shading Mode"},"sceneLighting":true,"audioPlay":false,"sceneViewState":{"m_AlwaysRefresh":false,"showFog":true,"showSkybox":true,"showFlares":true,"showImageEffects":true,"showParticleSystems":true,"showVisualEffectGraphs":true,"m_FxEnabled":true},"in2DMode":false,"pivot":{"x":0.2945249676704407,"y":-30.133914947509767,"z":9.77324104309082},"rotation":{"x":0.579651415348053,"y":0.007076730020344257,"z":-0.0050269924104213718,"w":0.8148470520973206},"size":24.656158447265626,"orthographic":false}