{"cameraMode":{"drawMode":0,"name":"Shaded","section":"Shading Mode"},"sceneLighting":false,"audioPlay":false,"sceneViewState":{"m_AlwaysRefresh":false,"showFog":true,"showSkybox":true,"showFlares":true,"showImageEffects":true,"showParticleSystems":true,"showVisualEffectGraphs":true,"m_FxEnabled":false},"in2DMode":false,"pivot":{"x":8.617842674255371,"y":-4.444348335266113,"z":2.9037628173828127},"rotation":{"x":0.02398676611483097,"y":0.9724252223968506,"z":-0.11576683074235916,"w":0.20117630064487458},"size":11.280946731567383,"orthographic":false}